Accession,Organism_Name,SRA_Accession,Submitters,Organization,Org_location,Release_Date,Isolate,Species,Genus,Family,Molecule_type,Length,Sequence_Type,Nuc_Completeness,Genotype,Segment,Publications,Geo_Location,Country,USA,Host,Isolation_Source,Collection_Date,BioSample,BioProject,GenBank_Title
NC_054003.1,Alphacoronavirus sp.,,"O'Dea,M., Prada,D., Jackson,B., Boyd,V., Baker,M.","National Center for Biotechnology Information, NIH",USA,2023-05-04,WA1087,Alphacoronavirus sp.,Alphacoronavirus,Coronaviridae,ssRNA(+),28170,RefSeq,complete,,,,Australia,Australia,,,,2018,,PRJNA485481,"Alphacoronavirus sp. isolate WA1087, complete genome"
NC_054004.1,Hipposideros pomona bat coronavirus CHB25,,"Li,B., Si,H.R., Zhu,Y., Yang,X.L., Anderson,D.E., Shi,Z.L., Wang,L.F., Zhou,P.","National Center for Biotechnology Information, NIH",USA,2023-05-04,CHB0025,Alphacoronavirus CHB25,Alphacoronavirus,Coronaviridae,ssRNA(+),28169,RefSeq,complete,,,1,China,China,,Hipposideros larvatus,,2018-03,,PRJNA485481,"Hipposideros pomona bat coronavirus CHB25 isolate CHB0025, complete genome"
NC_054015.1,Tylonycteris bat coronavirus HKU33,,"Lau,S.K.P., Wong,A.C.P., Zhang,L., Luk,H.K.H., Kwok,J.S.L., Ahmed,S.S., Cai,J.P., Zhao,P.S.H., Teng,J.L.L., Tsui,S.K.W., Yuen,K.Y., Woo,P.C.Y., Li,K.S.M., Cai,J.-P.","National Center for Biotechnology Information, NIH",USA,2023-05-04,,Alphacoronavirus HKU33,Alphacoronavirus,Coronaviridae,ssRNA(+),27636,RefSeq,complete,,,1,China,China,,Tylonycteris robustula,feces,2015-09-09,,PRJNA485481,"Tylonycteris bat coronavirus HKU33 strain GZ151867, complete genome"
NC_055953.1,Bat alphacoronavirus,,"Bergner,L., Orton,R., Streicker,D.","National Center for Biotechnology Information, NIH",USA,2023-05-04,AMA_L_F,Bat alphacoronavirus,Alphacoronavirus,Coronaviridae,ssRNA(+),29097,RefSeq,complete,,,,Peru,Peru,,Desmodus rotundus,,2015,,PRJNA485481,"Bat alphacoronavirus isolate AMA_L_F, complete genome"
NC_076629.1,Bat alphacoronavirus,,,"National Center for Biotechnology Information, NIH",USA,2023-05-04,BtCoV/020_16/M.dau/FIN/2016,Bat alphacoronavirus,Alphacoronavirus,Coronaviridae,ssRNA(+),28045,RefSeq,complete,,,,Finland: Mustasaari,Finland,,Myotis daubentonii,feces,2016-08-28,,PRJNA485481,"Bat alphacoronavirus isolate BtCoV/020_16/M.dau/FIN/2016 polyprotein (QKQ02_gp1), spike protein (QKQ02_gp2), hypothetical protein (QKQ02_gp3), envelope protein (QKQ02_gp4), membrane protein (QKQ02_gp5), and nucleocapsid protein (QKQ02_gp6) genes, complete cds"
NC_076684.1,Alphacoronavirus sp.,,"O'Dea,M., Prada,D., Jackson,B., Boyd,V., Baker,M.","National Center for Biotechnology Information, NIH",USA,2023-05-04,WA2028,Alphacoronavirus sp.,Alphacoronavirus,Coronaviridae,ssRNA(+),27435,RefSeq,complete,,,,Australia,Australia,,,,2018,,PRJNA485481,"Alphacoronavirus sp. isolate WA2028, complete genome"
NC_076685.1,Alphacoronavirus sp.,,"O'Dea,M., Prada,D., Jackson,B., Boyd,V., Baker,M.","National Center for Biotechnology Information, NIH",USA,2023-05-04,WA3607,Alphacoronavirus sp.,Alphacoronavirus,Coronaviridae,ssRNA(+),28009,RefSeq,complete,,,,Australia,Australia,,,,2018,,PRJNA485481,"Alphacoronavirus sp. isolate WA3607, complete genome"
NC_076697.1,Pacific salmon nidovirus,SRR9216246,"Mordecai,G.J., Miller,K.M., DiCicco,E., Schulze,A.D., Kaukinen,K.H., Ming,T.J., Li,S., Tabata,A., Teffer,A., Ferguson,H.W., Suttle,C.A.","National Center for Biotechnology Information, NIH",USA,2023-05-04,H14,Alphapironavirus bona,Alphapironavirus,Coronaviridae,ssRNA(+),36652,RefSeq,complete,,,,Canada: Chilliwack River hatchery,Canada,,Oncorhynchus tshawytscha,,2013-10-21,SAMN11974798,PRJNA485481,"MAG: Pacific salmon nidovirus isolate H14 ORF1a polyprotein (QKQ71_gp1), ORF1b polyprotein (QKQ71_gp2), LAP1C-like protein (QKQ71_gp3), spike protein (QKQ71_gp4), envelope (QKQ71_gp5), membrane protein (QKQ71_gp6), and nucleoprotein (QKQ71_gp7) genes, complete cds"
NC_048211.1,Wencheng Sm shrew coronavirus,,"Wang,W., Lin,X.D., Liao,Y., Guan,X.Q., Guo,W.P., Xing,J.G., Holmes,E.C., Zhang,Y.Z., Lin,X.-D., Zhang,Y.-Z.","National Center for Biotechnology Information, NIH",USA,2020-05-15,Xingguo-74,Wencheng Sm shrew coronavirus,Alphacoronavirus,Coronaviridae,ssRNA(+),25984,RefSeq,complete,,,1,China,China,,Suncus murinus,,2015,,PRJNA485481,"Wencheng Sm shrew coronavirus isolate Xingguo-74 ORF1ab polyprotein, spike glycoprotein, envelope protein, membrane protein, and nucleocapsid protein genes, complete cds"
NC_048212.1,Bat coronavirus,,"Yinda,C.K., Ghogomu,S.M., Conceicao-Neto,N., Beller,L., Deboutte,W., Vanhulle,E., Maes,P., Van Ranst,M., Matthijnssens,J.","National Center for Biotechnology Information, NIH",USA,2020-05-15,CMR704-P12,Bat coronavirus,,Coronaviridae,ssRNA(+),28975,RefSeq,complete,,,1,Cameroon,Cameroon,,Eidolon helvum,feces,2013-12,,PRJNA485481,"Bat coronavirus, complete genome"
NC_048213.1,Infectious bronchitis virus,,"Senthil Kumar,V., Raja,A., Vijayarani,K., Roy,P.","National Center for Biotechnology Information, NIH",USA,2020-05-15,Ind-TN92-03,Avian coronavirus,Gammacoronavirus,Coronaviridae,ssRNA(+),27464,RefSeq,complete,,,,India,India,,Gallus gallus,kidney,2003,,PRJNA485481,"Infectious bronchitis virus isolate Ind-TN92-03, complete genome"
NC_048214.1,Duck coronavirus,,"Zhuang,Q.Y., Wang,K.C., Liu,S., Hou,G.Y., Jiang,W.M., Wang,S.C., Li,J.P., Yu,J.M., Chen,J.M., Zhuang,Q., Wang,K., Hou,G., Jiang,W., Wang,S., Li,J., Yu,J., Chen,J.","National Center for Biotechnology Information, NIH",USA,2020-05-15,DK/GD/27/2014,Avian coronavirus,Gammacoronavirus,Coronaviridae,ssRNA(+),27754,RefSeq,complete,,,1,China,China,,Anatidae,,2014,,PRJNA485481,"Duck coronavirus isolate DK/GD/27/2014, complete genome"
NC_048216.1,NL63-related bat coronavirus,,"Tao,Y., Shi,M., Chommanard,C., Queen,K., Zhang,J., Markotter,W., Kuzmin,I.V., Holmes,E.C., Tong,S., Kuzmin,I.","National Center for Biotechnology Information, NIH",USA,2020-05-15,,NL63-related bat coronavirus strain BtKYNL63-9b,Alphacoronavirus,Coronaviridae,ssRNA(+),28679,RefSeq,complete,,,1,Kenya,Kenya,,Triaenops afer,feces,2010-06-21,,PRJNA485481,"NL63-related bat coronavirus strain BtKYNL63-9b, complete genome"
NC_048217.1,Murine hepatitis virus,,"Sawicki,S.G., Sawicki,D.L., Younker,D., Meyer,Y., Thiel,V., Stokes,H., Siddell,S.G., Coley,S.E., Lavi,E., Fu,L., Schelle,B., Karl,N.","National Center for Biotechnology Information, NIH",USA,2020-05-15,,Murine coronavirus,Betacoronavirus,Coronaviridae,ssRNA(+),31335,RefSeq,complete,,,2,,,,,,,,PRJNA485481,"Murine hepatitis virus strain A59, complete genome"
NC_046954.1,Rodent coronavirus,,"Wu,Z., Lu,L., Du,J., Yang,L., Ren,X., Liu,B., Jiang,J., Yang,J., Dong,J., Sun,L., Zhu,Y., Li,Y., Zheng,D., Zhang,C., Su,H., Zheng,Y., Zhou,H., Zhu,G., Li,H., Chmura,A., Yang,F., Daszak,P., Wang,J., Liu,Q., Jin,Q.","National Center for Biotechnology Information, NIH",USA,2020-04-12,RtMruf-CoV-2/JL2014,Rodent coronavirus,,Coronaviridae,ssRNA(+),31393,RefSeq,complete,,,1,China,China,,Myodes rufocanus,,2014-08,,PRJNA485481,"Rodent coronavirus isolate RtMruf-CoV-2/JL2014, complete genome"
NC_046955.1,Shrew coronavirus,,"Wu,Z., Lu,L., Du,J., Yang,L., Ren,X., Liu,B., Jiang,J., Yang,J., Dong,J., Sun,L., Zhu,Y., Li,Y., Zheng,D., Zhang,C., Su,H., Zheng,Y., Zhou,H., Zhu,G., Li,H., Chmura,A., Yang,F., Daszak,P., Wang,J., Liu,Q., Jin,Q.","National Center for Biotechnology Information, NIH",USA,2020-04-12,Shrew-CoV/Tibet2014,Shrew coronavirus,,Coronaviridae,ssRNA(+),27102,RefSeq,complete,,,1,China,China,,Sorex araneus,,2014-12,,PRJNA485481,"Shrew coronavirus isolate Shrew-CoV/Tibet2014 ORF1ab polyprotein, spike glycoprotein, envelope protein, membrane protein, and nucleocapsid protein genes, complete cds"
NC_046964.1,Alphacoronavirus Bat-CoV/P.kuhlii/Italy/3398-19/2015,,"De Sabato,L., Lelli,D., Faccin,F., Canziani,S., Di Bartolo,I., Vaccari,G., Moreno,A.","National Center for Biotechnology Information, NIH",USA,2020-04-12,,Alphacoronavirus Bat-CoV/P.kuhlii/Italy/3398-19/2015,Alphacoronavirus,Coronaviridae,ssRNA(+),28128,RefSeq,complete,,,1,Italy,Italy,,Pipistrellus kuhlii,feces,2015,,PRJNA485481,"Alphacoronavirus Bat-CoV/P.kuhlii/Italy/3398-19/2015, complete genome"
NC_046965.1,Canada goose coronavirus,,"Papineau,A., Berhane,Y., Wylie,T.N., Wylie,K.M., Sharpe,S., Lung,O., Wylie,T., Wylie,K.","National Center for Biotechnology Information, NIH",USA,2020-04-12,,Canada goose coronavirus,Gammacoronavirus,Coronaviridae,ssRNA(+),28539,RefSeq,complete,,,1,Canada,Canada,,Branta canadensis,feces,2017-08,,PRJNA485481,"Canada goose coronavirus strain Cambridge_Bay_2017, complete genome"
NC_045512.2,Severe acute respiratory syndrome coronavirus 2,,"Wu,F., Zhao,S., Yu,B., Chen,Y.M., Wang,W., Song,Z.G., Hu,Y., Tao,Z.W., Tian,J.H., Pei,Y.Y., Yuan,M.L., Zhang,Y.L., Dai,F.H., Liu,Y., Wang,Q.M., Zheng,J.J., Xu,L., Holmes,E.C., Zhang,Y.Z., Baranov,P.V., Henderson,C.M., Anderson,C.B., Gesteland,R.F., Atkins,J.F., Howard,M.T., Robertson,M.P., Igel,H., Baertsch,R., Haussler,D., Ares,M. Jr., Scott,W.G., Williams,G.D., Chang,R.Y., Brian,D.A., Chen,Y.-M., Song,Z.-G., Tao,Z.-W., Tian,J.-H., Pei,Y.-Y., Zhang,Y.-L., Dai,F.-H., Wang,Q.-M., Zheng,J.-J., Zhang,Y.-Z.","National Center for Biotechnology Information, NIH",USA,2020-01-13,Wuhan-Hu-1,Severe acute respiratory syndrome-related coronavirus,Betacoronavirus,Coronaviridae,ssRNA(+),29903,RefSeq,complete,,,4,China,China,,Homo sapiens,,2019-12,,PRJNA485481,"Severe acute respiratory syndrome coronavirus 2 isolate Wuhan-Hu-1, complete genome"
NC_006213.1,Human coronavirus OC43,,"St-Jean,J.R., Jacomy,H., Desforges,M., Vabret,A., Freymuth,F., Talbot,P.J.","National Center for Biotechnology Information, NIH",USA,2019-02-21,,Betacoronavirus 1,Betacoronavirus,Coronaviridae,ssRNA(+),30741,RefSeq,complete,OC43,,1,USA,USA,,,,,,PRJNA485481,"Human coronavirus OC43 strain ATCC VR-759, complete genome"
NC_011547.1,Bulbul coronavirus HKU11-934,,"Woo,P.C., Lau,S.K., Lam,C.S., Lai,K.K., Huang,Y., Lee,P., Luk,G.S., Dyrting,K.C., Chan,K.H., Yuen,K.Y., Woo,P.C.Y., Lau,S.K.P., Lam,C.S.F., Lai,K.K.Y., Luk,G.","National Center for Biotechnology Information, NIH",USA,2018-08-24,,Bulbul coronavirus HKU11,Deltacoronavirus,Coronaviridae,ssRNA(+),26487,RefSeq,complete,,,1,Hong Kong,Hong Kong,,Pycnonotus jocosus,,2007-01,,PRJNA485481,"Bulbul coronavirus HKU11-934, complete genome"
NC_038294.1,Betacoronavirus England 1,,"de Groot,R.J., Baker,S.C., Baric,R.S., Brown,C.S., Drosten,C., Enjuanes,L., Fouchier,R.A., Galiano,M., Gorbalenya,A.E., Memish,Z.A., Perlman,S., Poon,L.L., Snijder,E.J., Stephens,G.M., Woo,P.C., Zaki,A.M., Zambon,M., Ziebuhr,J., Cotten,M., Lam,T.T., Watson,S.J., Palser,A.L., Petrova,V., Grant,P., Pybus,O.G., Rambaut,A., Guan,Y., Pillay,D., Kellam,P., Nastouli,E., Myers,R., Bermingham,A., Gopal,R.","National Center for Biotechnology Information, NIH",USA,2018-08-24,H123990006,Middle East respiratory syndrome-related coronavirus,Betacoronavirus,Coronaviridae,ssRNA(+),30111,RefSeq,complete,,,2,United Kingdom,United Kingdom,,Homo sapiens,,2012-09-11,,PRJNA485481,"Betacoronavirus England 1 isolate H123990006, complete genome"
NC_038861.1,Transmissible gastroenteritis virus,,"Almazan,F., Gonzalez,J.M., Penzes,Z., Izeta,A., Calvo,E., Plana-Duran,J., Enjuanes,L.","National Center for Biotechnology Information, NIH",USA,2018-08-24,PUR46-MAD,Alphacoronavirus 1,Alphacoronavirus,Coronaviridae,ssRNA(+),28586,RefSeq,complete,,,1,USA:Indiana,USA,IN,Sus scrofa,,,,PRJNA485481,"Transmissible gastroenteritis virus complete genome, genomic RNA"
NC_039207.1,Betacoronavirus Erinaceus/VMC/DEU/2012,,"Corman,V.M., Kallies,R., Philipps,H., Gopner,G., Muller,M.A., Eckerle,I., Brunink,S., Drosten,C., Drexler,J.F.","National Center for Biotechnology Information, NIH",USA,2018-08-24,ErinaceusCoV/2012-174/GER/2012,Hedgehog coronavirus 1,Betacoronavirus,Coronaviridae,ssRNA(+),30148,RefSeq,complete,,,1,Germany,Germany,,Erinaceus europaeus,feces,2012,,PRJNA485481,"Betacoronavirus Erinaceus/VMC/DEU/2012 isolate ErinaceusCoV/2012-174/GER/2012, complete genome"
NC_039208.1,Porcine coronavirus HKU15,,"Woo,P.C., Lau,S.K., Lam,C.S., Lau,C.C., Tsang,A.K., Lau,J.H., Bai,R., Teng,J.L., Tsang,C.C., Wang,M., Zheng,B.J., Chan,K.H., Yuen,K.Y., Woo,P.C.Y., Lau,S.K.P., Lam,C.S.F., Lau,C.C.Y., Tsang,A.K.L., Lau,J.H.N., Teng,J.L.L., Tsang,C.C.C., Zheng,B.-J., Chan,K.-H., Yuen,K.-Y.","National Center for Biotechnology Information, NIH",USA,2018-08-24,,Coronavirus HKU15,Deltacoronavirus,Coronaviridae,ssRNA(+),25425,RefSeq,complete,,,1,China: Hong Kong,China,,Sus scrofa,,2010,,PRJNA485481,"Porcine coronavirus HKU15 strain HKU15-155, complete genome"
NC_035191.1,Wencheng Sm shrew coronavirus,,"Wang,W., Lin,X.D., Liao,Y., Guan,X.Q., Guo,W.P., Xing,J.G., Holmes,E.C., Zhang,Y.Z., Lin,X.-D., Zhang,Y.-Z.","National Center for Biotechnology Information, NIH",USA,2017-07-14,Xingguo-101,Wencheng Sm shrew coronavirus,Alphacoronavirus,Coronaviridae,ssRNA(+),25995,RefSeq,complete,,,1,China,China,,Suncus murinus,,2015,,PRJNA485481,"Wencheng Sm shrew coronavirus isolate Xingguo-101 ORF1ab polyprotein, spike glycoprotein, envelope protein, membrane protein, and nucleocapsid protein genes, complete cds"
NC_034972.1,Coronavirus AcCoV-JC34,,"Ge,X.Y., Yang,W.H., Zhou,J.H., Li,B., Zhang,W., Shi,Z.L., Zhang,Y.Z., Ge,X.-Y., Zhang,Y.-Z., Yang,W.-H., Zhou,J.-H., Shi,Z.-L.","National Center for Biotechnology Information, NIH",USA,2017-06-13,AcCoV-JC34,Coronavirus AcCoV-JC34,Alphacoronavirus,Coronaviridae,ssRNA(+),27682,RefSeq,complete,,,1,China,China,,Apodemus chevrieri,,2011-10,,PRJNA485481,"Coronavirus AcCoV-JC34, complete genome"
NC_034440.1,Bat coronavirus,,"Anthony,S.J., Gilardi,K., Menachery,V.D., Goldstein,T., Ssebide,B., Mbabazi,R., Navarrete-Macias,I., Liang,E., Wells,H., Hicks,A., Petrosov,A., Byarugaba,D.K., Debbink,K., Dinnon,K.H., Scobey,T., Randell,S.H., Yount,B.L., Cranfield,M., Johnson,C.K., Baric,R.S., Lipkin,W.I., Mazet,J.A., Gilardi,K.V., Wells,H.L., Hicks,A.L., Byarugaba,D., Mazet,J.K.","National Center for Biotechnology Information, NIH",USA,2017-05-05,PREDICT/PDF-2180,Bat coronavirus,,Coronaviridae,ssRNA(+),29642,RefSeq,complete,,,1,Uganda,Uganda,,Pipistrellus,feces,2013-02-20,,PRJNA485481,"Bat coronavirus isolate PREDICT/PDF-2180, complete genome"
NC_032730.1,Lucheng Rn rat coronavirus,,"Lin,X.D., Wang,W., Hao,Z.Y., Wang,Z.X., Guo,W.P., Guan,X.Q., Wang,M.R., Wang,H.W., Zhou,R.H., Li,M.H., Tang,G.P., Wu,J., Holmes,E.C., Zhang,Y.Z., Wang,C.Q., Ge,S., Mei,S.H., Shi,M., Lin,X.-D., Zhou,R.-H., Guo,W.-P., Zhang,Y.-Z.","National Center for Biotechnology Information, NIH",USA,2017-01-17,Lucheng-19,Lucheng Rn rat coronavirus,Alphacoronavirus,Coronaviridae,ssRNA(+),28763,RefSeq,complete,,,2,China,China,,Rattus norvegicus,,2013,,PRJNA485481,"Lucheng Rn rat coronavirus isolate Lucheng-19, complete genome"
NC_032107.1,NL63-related bat coronavirus,,"Tao,Y., Shi,M., Chommanard,C., Queen,K., Zhang,J., Markotter,W., Kuzmin,I.V., Holmes,E.C., Tong,S., Kuzmin,I.","National Center for Biotechnology Information, NIH",USA,2016-12-14,,NL63-related bat coronavirus strain BtKYNL63-9b,Alphacoronavirus,Coronaviridae,ssRNA(+),28363,RefSeq,complete,,,1,Kenya,Kenya,,Triaenops afer,feces,2010-06-21,,PRJNA485481,"NL63-related bat coronavirus strain BtKYNL63-9a, complete genome"
NC_030886.1,Rousettus bat coronavirus,,"Obameso,J.O., Li,H., Jia,H., Han,M., Zhu,S., Huang,C., Zhao,Y., Zhao,M., Bai,Y., Yuan,F., Zhao,H., Peng,X., Xu,W., Tan,W., Yuen,K.Y., Liu,W.J., Lu,L., Gao,G.F., Jin,T., Song,J., Shi,Y., Ji,W., Zhou,Y., Wen,H., Liu,H., Wang,Q., Wu,Y., Wang,L., Liu,D., Liu,G., Yu,H., Holmes,E.C., Liu,J., Holmes,E.","National Center for Biotechnology Information, NIH",USA,2016-09-12,GCCDC1 356,Rousettus bat coronavirus GCCDC1,Betacoronavirus,Coronaviridae,ssRNA(+),30161,RefSeq,complete,,,2,China,China,,Rousettus leschenaultii,feces,2014-05-28,,PRJNA485481,"Rousettus bat coronavirus isolate GCCDC1 356, complete genome"
NC_030292.1,Ferret coronavirus,,"Lamers,M.M., Smits,S.L., Hundie,G.B., Provacia,L.B., Koopmans,M., Osterhaus,A.D.M.E., Haagmans,B.L., Raj,V.S., Stalin Raj,V., Provacia,L.B.V.","National Center for Biotechnology Information, NIH",USA,2016-06-10,FRCoV-NL-2010,Ferret coronavirus,Alphacoronavirus,Coronaviridae,ssRNA(+),28434,RefSeq,complete,,,1,Netherlands,Netherlands,,Mustela putorius,,2010,,PRJNA485481,"Ferret coronavirus isolate FRCoV-NL-2010, complete genome"
NC_028752.1,Camel alphacoronavirus,,"Sabir,J.S., Lam,T.T., Ahmed,M.M., Li,L., Shen,Y., Abo-Aba,S.E., Qureshi,M.I., Abu-Zeid,M., Zhang,Y., Khiyami,M.A., Alharbi,N.S., Hajrah,N.H., Sabir,M.J., Mutwakil,M.H., Kabli,S.A., Alsulaimany,F.A., Obaid,A.Y., Zhou,B., Smith,D.K., Holmes,E.C., Zhu,H., Guan,Y., Sabir,J.S.M., Lam,T.Y., AboAba,S., Abu-Zaid,M., Mutwakil,M.H.Z., Alsulaimany,F.A.S.","National Center for Biotechnology Information, NIH",USA,2016-01-05,camel/Riyadh/Ry141/2015,Human coronavirus 229E,Alphacoronavirus,Coronaviridae,ssRNA(+),27395,RefSeq,complete,,,1,Saudi Arabia,Saudi Arabia,,Camelus,,2015-03,,PRJNA485481,"Camel alphacoronavirus isolate camel/Riyadh/Ry141/2015, complete genome"
NC_028806.1,Swine enteric coronavirus,,"Boniotti,M.B., Papetti,A., Lavazza,A., Alborali,G., Sozzi,E., Chiapponi,C., Faccini,S., Bonilauri,P., Cordioli,P., Marthaler,D.","National Center for Biotechnology Information, NIH",USA,2016-01-05,,Alphacoronavirus 1,Alphacoronavirus,Coronaviridae,ssRNA(+),28111,RefSeq,complete,,,1,Italy,Italy,,Sus scrofa,,2009-09-04,,PRJNA485481,"Swine enteric coronavirus strain Italy/213306/2009, complete genome"
NC_028811.1,BtMr-AlphaCoV/SAX2011,,"Wu,Z., Yang,L., Ren,X., He,G., Zhang,J., Yang,J., Qian,Z., Dong,J., Sun,L., Zhu,Y., Du,J., Yang,F., Zhang,S., Jin,Q.","National Center for Biotechnology Information, NIH",USA,2016-01-05,BtMr-SAX2011,Myotis ricketti alphacoronavirus Sax-2011,Alphacoronavirus,Coronaviridae,ssRNA(+),27935,RefSeq,complete,,,1,China,China,,Myotis ricketti,,2011,,PRJNA485481,"BtMr-AlphaCoV/SAX2011, complete genome"
NC_028814.1,BtRf-AlphaCoV/HuB2013,,"Wu,Z., Yang,L., Ren,X., He,G., Zhang,J., Yang,J., Qian,Z., Dong,J., Sun,L., Zhu,Y., Du,J., Yang,F., Zhang,S., Jin,Q.","National Center for Biotechnology Information, NIH",USA,2016-01-05,BtRf-HuB2013,Rhinolophus ferrumequinum alphacoronavirus HuB-2013,Alphacoronavirus,Coronaviridae,ssRNA(+),27608,RefSeq,complete,,,1,China,China,,Rhinolophus ferrumequinum,,2013,,PRJNA485481,"BtRf-AlphaCoV/HuB2013, complete genome"
NC_028824.1,BtRf-AlphaCoV/YN2012,,"Wu,Z., Yang,L., Ren,X., He,G., Zhang,J., Yang,J., Qian,Z., Dong,J., Sun,L., Zhu,Y., Du,J., Yang,F., Zhang,S., Jin,Q.","National Center for Biotechnology Information, NIH",USA,2016-01-05,BtRf-YN2012,BtRf-AlphaCoV/YN2012,Alphacoronavirus,Coronaviridae,ssRNA(+),26975,RefSeq,complete,,,1,China,China,,Rhinolophus ferrumequinum,,2012,,PRJNA485481,"BtRf-AlphaCoV/YN2012, complete genome"
NC_028833.1,BtNv-AlphaCoV/SC2013,,"Wu,Z., Yang,L., Ren,X., He,G., Zhang,J., Yang,J., Qian,Z., Dong,J., Sun,L., Zhu,Y., Du,J., Yang,F., Zhang,S., Jin,Q.","National Center for Biotechnology Information, NIH",USA,2016-01-05,BtNv-SC2013,Nyctalus velutinus alphacoronavirus SC-2013,Alphacoronavirus,Coronaviridae,ssRNA(+),27783,RefSeq,complete,,,1,China,China,,Nyctalus velutinus,,2013,,PRJNA485481,"BtNv-AlphaCoV/SC2013, complete genome"
NC_026011.1,Betacoronavirus HKU24,,"Lau,S.K., Woo,P.C., Li,K.S., Tsang,A.K., Fan,R.Y., Luk,H.K., Cai,J.P., Chan,K.H., Zheng,B.J., Wang,M., Yuen,K.Y., Lau,S.K.P., Woo,P.C.Y., Li,K.S.M., Tsang,A.K.L., Fan,R.Y.Y., Luk,H.K.H., Cai,J.-P., Chan,K.-H., Yuen,K.-Y.","National Center for Biotechnology Information, NIH",USA,2015-01-07,,China Rattus coronavirus HKU24,Betacoronavirus,Coronaviridae,ssRNA(+),31249,RefSeq,complete,,,1,China,China,,Rattus norvegicus,,2012-05-17,,PRJNA485481,"Betacoronavirus HKU24 strain HKU24-R05005I, complete genome"
NC_025217.1,Bat Hp-betacoronavirus/Zhejiang2013,,"Wu,Z., Yang,L., Ren,X., He,G., Zhang,J., Yang,J., Qian,Z., Dong,J., Sun,L., Zhu,Y., Du,J., Yang,F., Zhang,S., Jin,Q.","National Center for Biotechnology Information, NIH",USA,2014-10-03,Zhejiang2013,Bat Hp-betacoronavirus Zhejiang2013,Betacoronavirus,Coronaviridae,ssRNA(+),31491,RefSeq,complete,,,2,China,China,,Hipposideros pratti,,2013-04-29,,PRJNA485481,"Bat Hp-betacoronavirus/Zhejiang2013, complete genome"
NC_023760.1,Mink coronavirus strain WD1127,,"Vlasova,A.N., Halpin,R., Wang,S., Ghedin,E., Spiro,D.J., Saif,L.J., Spiro,D., Hostetler,J., Fedorova,N., Overton,L., Stockwell,T., Sitz,J., Katzel,D., Li,K., Axelrod,N., Safford,T., Amedeo,P., Schobel,S., Shrivastava,S., Resnick,A., Thovarai,V., Kim,M., Vlasova,A., Saif,L.","National Center for Biotechnology Information, NIH",USA,2014-03-12,,Mink coronavirus 1,Alphacoronavirus,Coronaviridae,ssRNA(+),28941,RefSeq,complete,,,1,USA: Wisconsin,USA,WI,Neogale vison,,1998-01-01,,PRJNA485481,"Mink coronavirus strain WD1127, complete genome"
AC_000192.1,Murine hepatitis virus strain JHM,,"Baker,S., Nielsen,E.M., Jukneliene,D., the PATRIC-BRC project (https://patric.vbi.vt.edu), the PATRIC-BRC project  (https://patric.vbi.vt.edu)","National Center for Biotechnology Information, NIH",USA,2013-12-20,,Murine coronavirus,Betacoronavirus,Coronaviridae,ssRNA(+),31526,RefSeq,complete,,,,,,,,,,,PRJNA485481,"Murine hepatitis virus strain JHM, complete genome"
NC_022103.1,Bat coronavirus CDPHE15/USA/2006,,"Town,C.D., Halpin,R.A., Nguyen,A., Motley,J., Ransier,A., Fedorova,N., Overton,L., Tsitrin,T., Stockwell,T., Amedeo,P., Appalla,L., Bishop,B., Edworthy,P., Gupta,N., Hoover,J., Katzel,D., Li,K., Schobel,S., Shrivastava,S., Thovarai,V., Wang,S., Dominguez,S., Wentworth,D.E., Holmes,K.","National Center for Biotechnology Information, NIH",USA,2013-08-20,,Bat coronavirus CDPHE15,Alphacoronavirus,Coronaviridae,ssRNA(+),28035,RefSeq,complete,,,,"USA: Boulder County, CO",USA,CO,Myotis lucifugus,,2006-08-07,,PRJNA485481,"Bat coronavirus CDPHE15/USA/2006, complete genome"
NC_019843.3,Middle East respiratory syndrome-related coronavirus,,"Zaki,A.M., van Boheemen,S., Bestebroer,T.M., Osterhaus,A.D., Fouchier,R.A., de Graaf,M., Lauber,C., Raj,V.S., Haagmans,B.L., Gorbalenya,A.E., Snijder,E.J., Victor,S.R., Osterhaus,A.D.M.E., Fouchier,R.A.M.","National Center for Biotechnology Information, NIH",USA,2012-12-13,HCoV-EMC/2012,Middle East respiratory syndrome-related coronavirus,Betacoronavirus,Coronaviridae,ssRNA(+),30119,RefSeq,complete,,,2,,,,Homo sapiens,,2012-06-13,,PRJNA485481,"Middle East respiratory syndrome-related coronavirus isolate HCoV-EMC/2012, complete genome"
NC_018871.1,Rousettus bat coronavirus HKU10,,"Lau,S.K., Li,K.S., Tsang,A.K., Shek,C.T., Wang,M., Choi,G.K., Guo,R., Wong,B.H., Poon,R.W., Lam,C.S., Wang,S.Y., Fan,R.Y., Chan,K.H., Zheng,B.J., Woo,P.C., Yuen,K.Y., Lau,S.K.P., Woo,P.C.Y., Li,K.S.M., Tsang,A.K.L., Shek,C.-T., Choi,G.K.Y., Wong,B.H.L., Poon,R.W.S., Lam,C.S.F., Wang,S.Y.H., Fan,R.Y.Y., Chan,K.-H., Zheng,B.-J., Yuen,K.-Y.","National Center for Biotechnology Information, NIH",USA,2012-10-18,183A,Bat coronavirus HKU10,Alphacoronavirus,Coronaviridae,ssRNA(+),28494,RefSeq,complete,,,1,China,China,,Chiroptera,,2005-10,,PRJNA485481,"Rousettus bat coronavirus HKU10, complete genome"
NC_017083.1,Rabbit coronavirus HKU14,,"Lau,S.K., Woo,P.C., Yip,C.C., Fan,R.Y., Huang,Y., Wang,M., Guo,R., Lam,C.S., Tsang,A.K., Lai,K.K., Chan,K.H., Che,X.Y., Zheng,B.J., Yuen,K.Y., Lau,S.K.P., Woo,P.C.Y., Yip,C.C.Y., Fan,R.Y.Y., Guo,R.T., Lam,C.S.F., Lai,K.K.Y.","National Center for Biotechnology Information, NIH",USA,2012-07-10,,Rabbit coronavirus HKU14,Betacoronavirus,Coronaviridae,ssRNA(+),31100,RefSeq,complete,,,1,China,China,,Oryctolagus cuniculus,,2006,,PRJNA485481,"Rabbit coronavirus HKU14, complete genome"
NC_016991.1,White-eye coronavirus HKU16,,"Woo,P.C., Lau,S.K., Lam,C.S., Lau,C.C., Tsang,A.K., Lau,J.H., Bai,R., Teng,J.L., Tsang,C.C., Wang,M., Zheng,B.J., Chan,K.H., Yuen,K.Y., Woo,P.C.Y., Lau,S.K.P., Lam,C.S.F., Lau,C.C.Y., Tsang,A.K.L., Lau,J.H.N., Teng,J.L.L., Tsang,C.C.C., Zheng,B.-J., Chan,K.-H., Yuen,K.-Y.","National Center for Biotechnology Information, NIH",USA,2012-03-30,,White-eye coronavirus HKU16,Deltacoronavirus,Coronaviridae,ssRNA(+),26041,RefSeq,complete,,,1,China: Hong Kong,China,,Zosteropidae,,2007,,PRJNA485481,"White-eye coronavirus HKU16, complete genome"
NC_016992.1,Sparrow coronavirus HKU17,,"Woo,P.C., Lau,S.K., Lam,C.S., Lau,C.C., Tsang,A.K., Lau,J.H., Bai,R., Teng,J.L., Tsang,C.C., Wang,M., Zheng,B.J., Chan,K.H., Yuen,K.Y., Woo,P.C.Y., Lau,S.K.P., Lam,C.S.F., Lau,C.C.Y., Tsang,A.K.L., Lau,J.H.N., Teng,J.L.L., Tsang,C.C.C., Zheng,B.-J., Chan,K.-H., Yuen,K.-Y.","National Center for Biotechnology Information, NIH",USA,2012-03-30,,Sparrow coronavirus HKU17,Deltacoronavirus,Coronaviridae,ssRNA(+),26083,RefSeq,complete,,,1,China: Hong Kong,China,,Passeridae,,2007,,PRJNA485481,"Sparrow coronavirus HKU17, complete genome"
NC_016993.1,Magpie-robin coronavirus HKU18,,"Woo,P.C., Lau,S.K., Lam,C.S., Lau,C.C., Tsang,A.K., Lau,J.H., Bai,R., Teng,J.L., Tsang,C.C., Wang,M., Zheng,B.J., Chan,K.H., Yuen,K.Y., Woo,P.C.Y., Lau,S.K.P., Lam,C.S.F., Lau,C.C.Y., Tsang,A.K.L., Lau,J.H.N., Teng,J.L.L., Tsang,C.C.C., Zheng,B.-J., Chan,K.-H., Yuen,K.-Y.","National Center for Biotechnology Information, NIH",USA,2012-03-30,,Magpie-robin coronavirus HKU18,Deltacoronavirus,Coronaviridae,ssRNA(+),26689,RefSeq,complete,,,1,China: Hong Kong,China,,Muscicapidae,,2007,,PRJNA485481,"Magpie-robin coronavirus HKU18, complete genome"
NC_016994.1,Night heron coronavirus HKU19,,"Woo,P.C., Lau,S.K., Lam,C.S., Lau,C.C., Tsang,A.K., Lau,J.H., Bai,R., Teng,J.L., Tsang,C.C., Wang,M., Zheng,B.J., Chan,K.H., Yuen,K.Y., Woo,P.C.Y., Lau,S.K.P., Lam,C.S.F., Lau,C.C.Y., Tsang,A.K.L., Lau,J.H.N., Teng,J.L.L., Tsang,C.C.C., Zheng,B.-J., Chan,K.-H., Yuen,K.-Y.","National Center for Biotechnology Information, NIH",USA,2012-03-30,,Night heron coronavirus HKU19,Deltacoronavirus,Coronaviridae,ssRNA(+),26077,RefSeq,complete,,,1,China: Hong Kong,China,,Ardeidae,,2007,,PRJNA485481,"Night-heron coronavirus HKU19, complete genome"
NC_016995.1,Wigeon coronavirus HKU20,,"Woo,P.C., Lau,S.K., Lam,C.S., Lau,C.C., Tsang,A.K., Lau,J.H., Bai,R., Teng,J.L., Tsang,C.C., Wang,M., Zheng,B.J., Chan,K.H., Yuen,K.Y., Woo,P.C.Y., Lau,S.K.P., Lam,C.S.F., Lau,C.C.Y., Tsang,A.K.L., Lau,J.H.N., Teng,J.L.L., Tsang,C.C.C., Zheng,B.-J., Chan,K.-H., Yuen,K.-Y.","National Center for Biotechnology Information, NIH",USA,2012-03-30,,Wigeon coronavirus HKU20,Deltacoronavirus,Coronaviridae,ssRNA(+),26227,RefSeq,complete,,,1,China: Hong Kong,China,,Mareca,,2008,,PRJNA485481,"Wigeon coronavirus HKU20, complete genome"
NC_016996.1,Common moorhen coronavirus HKU21,,"Woo,P.C., Lau,S.K., Lam,C.S., Lau,C.C., Tsang,A.K., Lau,J.H., Bai,R., Teng,J.L., Tsang,C.C., Wang,M., Zheng,B.J., Chan,K.H., Yuen,K.Y., Woo,P.C.Y., Lau,S.K.P., Lam,C.S.F., Lau,C.C.Y., Tsang,A.K.L., Lau,J.H.N., Teng,J.L.L., Tsang,C.C.C., Zheng,B.-J., Chan,K.-H., Yuen,K.-Y.","National Center for Biotechnology Information, NIH",USA,2012-03-30,,Common moorhen coronavirus HKU21,Deltacoronavirus,Coronaviridae,ssRNA(+),26223,RefSeq,complete,,,1,China: Hong Kong,China,,Gallinula chloropus,,2007,,PRJNA485481,"Common moorhen coronavirus HKU21, complete genome"
NC_014470.1,Bat coronavirus BM48-31/BGR/2008,,"Drexler,J.F., Gloza-Rausch,F., Glende,J., Corman,V.M., Muth,D., Goettsche,M., Seebens,A., Niedrig,M., Pfefferle,S., Yordanov,S., Zhelyazkov,L., Hermanns,U., Vallo,P., Lukashev,A., Muller,M.A., Deng,H., Herrler,G., Drosten,C.","National Center for Biotechnology Information, NIH",USA,2010-08-27,,Bat coronavirus BM48-31/BGR/2008,Betacoronavirus,Coronaviridae,ssRNA(+),29276,RefSeq,complete,,,1,Bulgaria,Bulgaria,,Rhinolophus blasii,,2008,,PRJNA485481,"Bat coronavirus BM48-31/BGR/2008, complete genome"
NC_012936.1,Rat coronavirus Parker,,"Spiro,D., Halpin,R., Wang,S., Hostetler,J., Overton,L., Tsitrin,T., Katzel,D., Sarmiento,M., Sitz,J., Amedeo,P., Caler,E., Lorenzi,H., Schobel,S., Sundaram,J., Weiss,S.","National Center for Biotechnology Information, NIH",USA,2009-07-13,,Murine coronavirus,Betacoronavirus,Coronaviridae,ssRNA(+),31250,RefSeq,complete,,,,,,,Rattus,,,,PRJNA485481,"Rat coronavirus Parker, complete genome"
NC_011549.1,Thrush coronavirus HKU12-600,,"Woo,P.C., Lau,S.K., Lam,C.S., Lai,K.K., Huang,Y., Lee,P., Luk,G.S., Dyrting,K.C., Chan,K.H., Yuen,K.Y., Woo,P.C.Y., Lau,S.K.P., Lam,C.S.F., Lai,K.K.Y., Luk,G.","National Center for Biotechnology Information, NIH",USA,2008-11-13,,Thrush coronavirus HKU12-600,Deltacoronavirus,Coronaviridae,ssRNA(+),26396,RefSeq,complete,,,1,Hong Kong,Hong Kong,,Turdus hortulorum,,2007-01,,PRJNA485481,"Thrush coronavirus HKU12-600, complete genome"
NC_011550.1,Munia coronavirus HKU13-3514,,"Woo,P.C., Lau,S.K., Lam,C.S., Lai,K.K., Huang,Y., Lee,P., Luk,G.S., Dyrting,K.C., Chan,K.H., Yuen,K.Y., Woo,P.C.Y., Lau,S.K.P., Lam,C.S.F., Lai,K.K.Y., Luk,G.","National Center for Biotechnology Information, NIH",USA,2008-11-13,,Munia coronavirus HKU13,Deltacoronavirus,Coronaviridae,ssRNA(+),26552,RefSeq,complete,,,1,Hong Kong,Hong Kong,,Lonchura striata,,2007-04,,PRJNA485481,"Munia coronavirus HKU13-3514, complete genome"
NC_010800.1,Turkey coronavirus,,"Gomaa,M.H., Barta,J.R., Ojkic,D., Yoo,D., Gomaa,M.","National Center for Biotechnology Information, NIH",USA,2008-06-03,MG10,Avian coronavirus,Gammacoronavirus,Coronaviridae,ssRNA(+),27657,RefSeq,complete,,,1,Canada,Canada,,Meleagris gallopavo,,,,PRJNA485481,"Turkey coronavirus, complete genome"
NC_010646.1,Beluga whale coronavirus SW1,,"Mihindukulasuriya,K.A., Wu,G., St Leger,J., Nordhausen,R.W., Wang,D., St. Leger,J.","National Center for Biotechnology Information, NIH",USA,2008-05-01,SW1,Beluga whale coronavirus SW1,Gammacoronavirus,Coronaviridae,ssRNA(+),31686,RefSeq,complete,,,1,,,,Delphinapterus leucas,,,,PRJNA485481,"Beluga Whale coronavirus SW1, complete genome"
NC_010437.1,Bat coronavirus 1A,,"Chu,D.K., Peiris,J.S., Chen,H., Guan,Y., Poon,L.L., Chu,D.K.W., Peiris,J.S.M., Poon,L.L.M.","National Center for Biotechnology Information, NIH",USA,2008-03-13,,Miniopterus bat coronavirus 1,Alphacoronavirus,Coronaviridae,ssRNA(+),28326,RefSeq,complete,,,1,Hong Kong,Hong Kong,,,,,,PRJNA485481,"Bat coronavirus 1A, complete genome"
NC_010438.1,Miniopterus bat coronavirus HKU8,,"Chu,D.K.W., Peiris,J.S.M., Chen,H., Guan,Y., Poon,L.L.M.","National Center for Biotechnology Information, NIH",USA,2008-03-13,,Miniopterus bat coronavirus HKU8,Alphacoronavirus,Coronaviridae,ssRNA(+),28773,RefSeq,complete,,,1,Hong Kong,Hong Kong,,,,,,PRJNA485481,"Miniopterus bat coronavirus HKU8, complete genome"
NC_009988.1,Rhinolophus bat coronavirus HKU2,,"Lau,S.K., Woo,P.C., Li,K.S., Huang,Y., Wang,M., Lam,C.S., Xu,H., Guo,R., Chan,K.H., Zheng,B.J., Yuen,K.Y., Lau,S.K.P., Woo,P.C.Y., Li,K.S.M., Lam,C.S.F.","National Center for Biotechnology Information, NIH",USA,2007-11-20,,Rhinolophus bat coronavirus HKU2,Alphacoronavirus,Coronaviridae,ssRNA(+),27165,RefSeq,complete,,,1,,,,,,,,PRJNA485481,"Rhinolophus bat coronavirus HKU2, complete genome"
NC_009657.1,Scotophilus bat coronavirus 512,,"Tang,X.C., Zhang,J.X., Zhang,S.Y., Wang,P., Fan,X.H., Li,L.F., Li,G., Dong,B.Q., Liu,W., Cheung,C.L., Xu,K.M., Song,W.J., Vijaykrishna,D., Poon,L.L., Peiris,J.S., Smith,G.J., Chen,H., Guan,Y., Poon,L.L.M., Peiris,J.S.M., Smith,G.J.D.","National Center for Biotechnology Information, NIH",USA,2007-07-24,,Scotophilus bat coronavirus 512,Alphacoronavirus,Coronaviridae,ssRNA(+),28203,RefSeq,complete,,,1,,,,,,,,PRJNA485481,"Scotophilus bat coronavirus 512, complete genome"
NC_009019.1,Tylonycteris bat coronavirus HKU4,,"Luo,C.M., Wang,N., Yang,X.L., Liu,H.Z., Zhang,W., Li,B., Hu,B., Peng,C., Geng,Q.B., Zhu,G.J., Li,F., Shi,Z.L., Woo,P.C., Lau,S.K., Li,K.S., Tsang,A.K., Yuen,K.Y., Woo,P.C.Y., Lau,S.K.P., Wang,M., Xu,H.F., Poon,R.W.S., Guo,R.T., Wong,B.H.L., Gao,K., Tsoi,H.W., Huang,Y., Li,K.S.M., Chan,K.H., Zheng,B.J.","National Center for Biotechnology Information, NIH",USA,2007-02-21,,Tylonycteris bat coronavirus HKU4,Betacoronavirus,Coronaviridae,ssRNA(+),30286,RefSeq,complete,,,3,China: Guangdong province,China,,Chiroptera,,,,PRJNA485481,"Tylonycteris bat coronavirus HKU4, complete genome"
NC_009020.1,Pipistrellus bat coronavirus HKU5,,"Lau,S.K., Li,K.S., Tsang,A.K., Lam,C.S., Ahmed,S., Chen,H., Chan,K.H., Woo,P.C., Yuen,K.Y., Woo,P.C.Y., Lau,S.K.P., Wang,M., Xu,H.F., Poon,R.W.S., Guo,R.T., Wong,B.H.L., Gao,K., Tsoi,H.W., Huang,Y., Li,K.S.M., Zheng,B.J.","National Center for Biotechnology Information, NIH",USA,2007-02-21,,Pipistrellus bat coronavirus HKU5,Betacoronavirus,Coronaviridae,ssRNA(+),30482,RefSeq,complete,,,3,China: Guangdong province,China,,Chiroptera,,,,PRJNA485481,"Pipistrellus bat coronavirus HKU5, complete genome"
NC_009021.1,Rousettus bat coronavirus HKU9,,"Woo,P.C.Y., Lau,S.K.P., Wang,M., Xu,H.F., Poon,R.W.S., Guo,R.T., Wong,B.H.L., Gao,K., Tsoi,H.W., Huang,Y., Li,K.S.M., Chan,K.H., Zheng,B.J., Yuen,K.Y.","National Center for Biotechnology Information, NIH",USA,2007-02-21,,Rousettus bat coronavirus HKU9,Betacoronavirus,Coronaviridae,ssRNA(+),29114,RefSeq,complete,,,1,China: Guangdong province,China,,Chiroptera,,,,PRJNA485481,"Rousettus bat coronavirus HKU9, complete genome"
NC_006577.2,Human coronavirus HKU1,,"Woo,P.C., Lau,S.K., Chu,C.M., Chan,K.H., Tsoi,H.W., Huang,Y., Wong,B.H., Poon,R.W., Cai,J.J., Luk,W.K., Poon,L.L., Wong,S.S., Guan,Y., Peiris,J.S., Yuen,K.Y., Woo,P.C.Y., Lau,S.K.P., Wong,B.H.L., Wong,S.S.Y., Peiris,J.S.M.","The University of Hong Kong, Department of Microbiology",China,2004-12-28,HKU1,Human coronavirus HKU1,Betacoronavirus,Coronaviridae,ssRNA(+),29926,RefSeq,complete,,,1,,,,Homo sapiens,,,,PRJNA485481,"Human coronavirus HKU1, complete genome"
NC_005831.2,Human coronavirus NL63,,"van der Hoek,L., Pyrc,K., Jebbink,M.F., Vermeulen-Oost,W., Berkhout,R.J., Wolthers,K.C., Wertheim-van Dillen,P.M., Kaandorp,J., Spaargaren,J., Berkhout,B., Berkhout,R.J.M., Wertheim-van Dillen,P.M.E.","National Center for Biotechnology Information, NIH",USA,2004-03-23,,Human coronavirus NL63,Alphacoronavirus,Coronaviridae,ssRNA(+),27553,RefSeq,complete,,,1,,,,,,,,PRJNA485481,"Human Coronavirus NL63, complete genome"
NC_004718.3,SARS coronavirus Tor2,,"He,R., Dobie,F., Ballantine,M., Leeson,A., Li,Y., Bastien,N., Cutts,T., Andonov,A., Cao,J., Booth,T.F., Plummer,F.A., Tyler,S., Baker,L., Li,X.","National Center for Biotechnology Information, NIH",USA,2003-04-14,Tor2,Severe acute respiratory syndrome-related coronavirus,Betacoronavirus,Coronaviridae,ssRNA(+),29751,RefSeq,complete,,,1,Canada: Toronto,Canada,,Homo sapiens,,,,PRJNA485481,"SARS coronavirus Tor2, complete genome"
NC_003045.1,Bovine coronavirus,,"Chouljenko,V.N., Lin,X.Q., Storz,J., Kousoulas,K.G., Gorbalenya,A.E.","National Center for Biotechnology Information, NIH",USA,2001-08-02,BCoV-ENT,Betacoronavirus 1,Betacoronavirus,Coronaviridae,ssRNA(+),31028,RefSeq,complete,,,1,,,,,,,,PRJNA485481,"Bovine coronavirus isolate BCoV-ENT, complete genome"
NC_003436.1,Porcine epidemic diarrhea virus,,"Kocherhans,R., Bridgen,A., Ackermann,M., Tobler,K., Carvajal,A., Duarte,M., Rasschaert,D., Laude,H.","University of Zurich, Virologisches Institut, Vet. Med. Fak.",Switzerland,2001-04-23,,Porcine epidemic diarrhea virus,Alphacoronavirus,Coronaviridae,ssRNA(+),28033,RefSeq,complete,,,5,,,,,,,,PRJNA485481,"Porcine epidemic diarrhea virus, complete genome"
NC_002645.1,Human coronavirus 229E,,"Ziebuhr,J., Thiel,V., Gorbalenya,A.E., Herold,J., Schelle,B., Siddell,S.G.","University of Wuerzburg, Virology",Germany,2001-01-11,,Human coronavirus 229E,Alphacoronavirus,Coronaviridae,ssRNA(+),27317,RefSeq,complete,,,2,,,,,,,,PRJNA485481,"Human coronavirus 229E, complete genome"
NC_002306.3,Feline infectious peritonitis virus,,"Haijema,B.J., de Groot-Mijnes,J.D.F., Vennema,H., Raamsman,M.J., Rottier,P.J.M., de Groot,R.J.","National Center for Biotechnology Information, NIH",USA,2000-05-11,79-1146,Alphacoronavirus 1,Alphacoronavirus,Coronaviridae,ssRNA(+),29355,RefSeq,complete,2,,,USA,USA,,,,,,PRJNA485481,"Feline infectious peritonitis virus, complete genome"
NC_001846.1,Murine hepatitis virus,,"Leparc-Goffart,I., Hingley,S.T., Chua,M.M., Jiang,X., Lavi,E., Weiss,S.R.","National Center for Biotechnology Information, NIH",USA,1997-11-22,,Murine coronavirus,Betacoronavirus,Coronaviridae,ssRNA(+),31357,RefSeq,complete,,,1,,,,,,,,PRJNA485481,"Murine hepatitis virus strain MHV-A59 C12 mutant, complete genome"
NC_001451.1,Infectious bronchitis virus,,"Ziebuhr,J., Snijder,E.J., Gorbalenya,A.E., Brierley,I., Boursnell,M.E., Binns,M.M., Bilimoria,B., Blok,V.C., Brown,T.D., Inglis,S.C., Foulds,I.J., Green,P.F., Tomley,F.M., Cavanagh,D., Pappin,D.J.","National Center for Biotechnology Information, NIH",USA,1993-06-12,,Avian coronavirus,Gammacoronavirus,Coronaviridae,ssRNA(+),27608,RefSeq,complete,,,8,,,,,,,,PRJNA485481,"Avian infectious bronchitis virus, complete genome"
